{"Org": [[["splt_idx", -1, 3000], ["train", 10483], {"Org": [{"F1-Macro": 0.5841504335403442, "F1-Weighted": 0.6055084466934204, "F1_Class 0": 0.7176381349563599, "F1_Class 1": 0.4506627321243286, "Accuracy": 0.6269999742507935}]}]], "CF": {"0.1": [[["splt_idx", -1, 3000], ["train", 10968], {"CF": [{"F1-Macro": 0.5996697545051575, "F1-Weighted": 0.6191418170928955, "F1_Class 0": 0.7213701605796814, "F1_Class 1": 0.47796934843063354, "Accuracy": 0.6366666555404663}]}]], "0.2": [[["splt_idx", -1, 3000], ["train", 11454], {"CF": [{"F1-Macro": 0.604093611240387, "F1-Weighted": 0.6101114153862, "F1_Class 0": 0.6417047381401062, "F1_Class 1": 0.5664824843406677, "Accuracy": 0.6076666712760925}]}]], "0.30000000000000004": [[["splt_idx", -1, 3000], ["train", 11939], {"CF": [{"F1-Macro": 0.5758744478225708, "F1-Weighted": 0.6001909375190735, "F1_Class 0": 0.7278527617454529, "F1_Class 1": 0.42389610409736633, "Accuracy": 0.6303333044052124}]}]], "0.4": [[["splt_idx", -1, 3000], ["train", 12425], {"CF": [{"F1-Macro": 0.6238338947296143, "F1-Weighted": 0.6379978656768799, "F1_Class 0": 0.7123583555221558, "F1_Class 1": 0.5353094935417175, "Accuracy": 0.6446666717529297}]}]], "0.5": [[["splt_idx", -1, 3000], ["train", 12910], {"CF": [{"F1-Macro": 0.622009813785553, "F1-Weighted": 0.639326810836792, "F1_Class 0": 0.7302410006523132, "F1_Class 1": 0.5137786269187927, "Accuracy": 0.652999997138977}]}]], "0.6": [[["splt_idx", -1, 3000], ["train", 13395], {"CF": [{"F1-Macro": 0.6419592499732971, "F1-Weighted": 0.6425703167915344, "F1_Class 0": 0.6457783579826355, "F1_Class 1": 0.6381401419639587, "Accuracy": 0.6420000195503235}]}]], "0.7000000000000001": [[["splt_idx", -1, 3000], ["train", 13881], {"CF": [{"F1-Macro": 0.6389437913894653, "F1-Weighted": 0.648899257183075, "F1_Class 0": 0.7011657953262329, "F1_Class 1": 0.576721727848053, "Accuracy": 0.6496666669845581}]}]], "0.8": [[["splt_idx", -1, 3000], ["train", 14366], {"CF": [{"F1-Macro": 0.6240651607513428, "F1-Weighted": 0.6264711618423462, "F1_Class 0": 0.639102578163147, "F1_Class 1": 0.6090278029441833, "Accuracy": 0.624666690826416}]}]], "0.9": [[["splt_idx", -1, 3000], ["train", 14852], {"CF": [{"F1-Macro": 0.653349757194519, "F1-Weighted": 0.6642206907272339, "F1_Class 0": 0.7212932109832764, "F1_Class 1": 0.5854063034057617, "Accuracy": 0.6666666865348816}]}]], "1.0": [[["splt_idx", -1, 3000], ["train", 15337], {"CF": [{"F1-Macro": 0.5839346647262573, "F1-Weighted": 0.6063244938850403, "F1_Class 0": 0.7238712906837463, "F1_Class 1": 0.44399797916412354, "Accuracy": 0.6309999823570251}]}]]}, "ManCF": {"0.1": [[["splt_idx", -1, 3000], ["train", 10977], {"CF": [{"F1-Macro": 0.612890362739563, "F1-Weighted": 0.6305425763130188, "F1_Class 0": 0.7232165932655334, "F1_Class 1": 0.5025641322135925, "Accuracy": 0.6443333625793457}]}]], "0.2": [[["splt_idx", -1, 3000], ["train", 11472], {"CF": [{"F1-Macro": 0.617674708366394, "F1-Weighted": 0.6327842473983765, "F1_Class 0": 0.7121090888977051, "F1_Class 1": 0.5232403874397278, "Accuracy": 0.640999972820282}]}]], "0.30000000000000004": [[["splt_idx", -1, 3000], ["train", 11966], {"CF": [{"F1-Macro": 0.6254020929336548, "F1-Weighted": 0.6392272114753723, "F1_Class 0": 0.7118093371391296, "F1_Class 1": 0.5389947891235352, "Accuracy": 0.6453333497047424}]}]], "0.4": [[["splt_idx", -1, 3000], ["train", 12461], {"CF": [{"F1-Macro": 0.5882591009140015, "F1-Weighted": 0.605563223361969, "F1_Class 0": 0.6964097023010254, "F1_Class 1": 0.48010849952697754, "Accuracy": 0.6166666746139526}]}]], "0.5": [[["splt_idx", -1, 3000], ["train", 12955], {"CF": [{"F1-Macro": 0.544613242149353, "F1-Weighted": 0.5743894577026367, "F1_Class 0": 0.7307146191596985, "F1_Class 1": 0.3585118353366852, "Accuracy": 0.6206666827201843}]}]], "0.6": [[["splt_idx", -1, 3000], ["train", 13449], {"CF": [{"F1-Macro": 0.6311017274856567, "F1-Weighted": 0.6443426609039307, "F1_Class 0": 0.713857889175415, "F1_Class 1": 0.5483455061912537, "Accuracy": 0.6496666669845581}]}]], "0.7000000000000001": [[["splt_idx", -1, 3000], ["train", 13944], {"CF": [{"F1-Macro": 0.5849823951721191, "F1-Weighted": 0.6079577803611755, "F1_Class 0": 0.728578507900238, "F1_Class 1": 0.441386342048645, "Accuracy": 0.6346666812896729}]}]], "0.8": [[["splt_idx", -1, 3000], ["train", 14438], {"CF": [{"F1-Macro": 0.6300009489059448, "F1-Weighted": 0.6375390291213989, "F1_Class 0": 0.6771141290664673, "F1_Class 1": 0.5828877091407776, "Accuracy": 0.6359999775886536}]}]], "0.9": [[["splt_idx", -1, 3000], ["train", 14933], {"CF": [{"F1-Macro": 0.6235902309417725, "F1-Weighted": 0.6357758641242981, "F1_Class 0": 0.6997504830360413, "F1_Class 1": 0.5474299788475037, "Accuracy": 0.6389999985694885}]}]], "1.0": [[["splt_idx", -1, 3000], ["train", 15427], {"CF": [{"F1-Macro": 0.613386869430542, "F1-Weighted": 0.6323360204696655, "F1_Class 0": 0.7318193316459656, "F1_Class 1": 0.49495434761047363, "Accuracy": 0.6496666669845581}]}]]}}