{"CF": {"0.1": [[["splt_idx", -1, 3000], ["train", 11011], {"CF": [{"F1-Macro": 0.6547781825065613, "F1-Weighted": 0.6661198735237122, "F1_Class 0": 0.7256637215614319, "F1_Class 1": 0.5838926434516907, "Accuracy": 0.6693333387374878}]}]], "0.2": [[["splt_idx", -1, 3000], ["train", 11539], {"CF": [{"F1-Macro": 0.633274495601654, "F1-Weighted": 0.6325312852859497, "F1_Class 0": 0.6286293268203735, "F1_Class 1": 0.6379196643829346, "Accuracy": 0.6333333253860474}]}]], "0.30000000000000004": [[["splt_idx", -1, 3000], ["train", 12066], {"CF": [{"F1-Macro": 0.6233596205711365, "F1-Weighted": 0.6404540538787842, "F1_Class 0": 0.730199933052063, "F1_Class 1": 0.51651930809021, "Accuracy": 0.6536666750907898}]}]], "0.4": [[["splt_idx", -1, 3000], ["train", 12594], {"CF": [{"F1-Macro": 0.6338224411010742, "F1-Weighted": 0.6412240862846375, "F1_Class 0": 0.6800828576087952, "F1_Class 1": 0.5875620245933533, "Accuracy": 0.6396666765213013}]}]], "0.5": [[["splt_idx", -1, 3000], ["train", 13122], {"CF": [{"F1-Macro": 0.6411370038986206, "F1-Weighted": 0.6480462551116943, "F1_Class 0": 0.6843201518058777, "F1_Class 1": 0.5979537963867188, "Accuracy": 0.6463333368301392}]}]], "0.6": [[["splt_idx", -1, 3000], ["train", 13650], {"CF": [{"F1-Macro": 0.6577847003936768, "F1-Weighted": 0.6647567749023438, "F1_Class 0": 0.7013601660728455, "F1_Class 1": 0.6142092943191528, "Accuracy": 0.6633333563804626}]}]], "0.7000000000000001": [[["splt_idx", -1, 3000], ["train", 14178], {"CF": [{"F1-Macro": 0.6162501573562622, "F1-Weighted": 0.6255215406417847, "F1_Class 0": 0.6741963624954224, "F1_Class 1": 0.5583038926124573, "Accuracy": 0.625}]}]], "0.8": [[["splt_idx", -1, 3000], ["train", 14705], {"CF": [{"F1-Macro": 0.6206409931182861, "F1-Weighted": 0.6377171874046326, "F1_Class 0": 0.7273673415184021, "F1_Class 1": 0.5139146447181702, "Accuracy": 0.6506666541099548}]}]], "0.9": [[["splt_idx", -1, 3000], ["train", 15233], {"CF": [{"F1-Macro": 0.6487876772880554, "F1-Weighted": 0.657722532749176, "F1_Class 0": 0.704630434513092, "F1_Class 1": 0.5929449200630188, "Accuracy": 0.6576666831970215}]}]], "1.0": [[["splt_idx", -1, 3000], ["train", 15761], {"CF": [{"F1-Macro": 0.6514215469360352, "F1-Weighted": 0.6582629680633545, "F1_Class 0": 0.6941805481910706, "F1_Class 1": 0.6086626052856445, "Accuracy": 0.6566666960716248}]}]]}}