{"Complete": {"Org": [[["splt_idx", -1, 3000], ["train", 44528], {"Org": [{"F1-Macro": 0.5217249393463135, "F1-Weighted": 0.5244542360305786, "F1_Class 0": 0.5387833714485168, "F1_Class 1": 0.5046664476394653, "Accuracy": 0.5223333239555359}]}]], "CF": {"0.1": [[["splt_idx", -1, 3000], ["train", 45183], {"CF": [{"F1-Macro": 0.5173147916793823, "F1-Weighted": 0.5194000005722046, "F1_Class 0": 0.5303472876548767, "F1_Class 1": 0.5042822957038879, "Accuracy": 0.5176666378974915}]}]], "0.2": [[["splt_idx", -1, 3000], ["train", 45838], {"CF": [{"F1-Macro": 0.5201336741447449, "F1-Weighted": 0.5239726305007935, "F1_Class 0": 0.5441269874572754, "F1_Class 1": 0.49614036083221436, "Accuracy": 0.5213333368301392}]}]], "0.30000000000000004": [[["splt_idx", -1, 3000], ["train", 46493], {"CF": [{"F1-Macro": 0.5243053436279297, "F1-Weighted": 0.5248888731002808, "F1_Class 0": 0.5279523730278015, "F1_Class 1": 0.5206583738327026, "Accuracy": 0.5243333578109741}]}]], "0.4": [[["splt_idx", -1, 3000], ["train", 47148], {"CF": [{"F1-Macro": 0.5264068245887756, "F1-Weighted": 0.5308017730712891, "F1_Class 0": 0.553875207901001, "F1_Class 1": 0.4989384412765503, "Accuracy": 0.527999997138977}]}]], "0.5": [[["splt_idx", -1, 3000], ["train", 47802], {"CF": [{"F1-Macro": 0.5144870281219482, "F1-Weighted": 0.5192773938179016, "F1_Class 0": 0.5444269776344299, "F1_Class 1": 0.48454707860946655, "Accuracy": 0.5163333415985107}]}]], "0.6": [[["splt_idx", -1, 3000], ["train", 48457], {"CF": [{"F1-Macro": 0.5230990648269653, "F1-Weighted": 0.5274738073348999, "F1_Class 0": 0.5504413843154907, "F1_Class 1": 0.49575671553611755, "Accuracy": 0.5246666669845581}]}]], "0.7000000000000001": [[["splt_idx", -1, 3000], ["train", 49112], {"CF": [{"F1-Macro": 0.521869421005249, "F1-Weighted": 0.5261024236679077, "F1_Class 0": 0.5483259558677673, "F1_Class 1": 0.4954128563404083, "Accuracy": 0.5233333110809326}]}]], "0.8": [[["splt_idx", -1, 3000], ["train", 49767], {"CF": [{"F1-Macro": 0.5234521627426147, "F1-Weighted": 0.5267308354377747, "F1_Class 0": 0.5439437627792358, "F1_Class 1": 0.5029606223106384, "Accuracy": 0.5243333578109741}]}]], "0.9": [[["splt_idx", -1, 3000], ["train", 50422], {"CF": [{"F1-Macro": 0.5183398723602295, "F1-Weighted": 0.5232977271080017, "F1_Class 0": 0.5493266582489014, "F1_Class 1": 0.48735305666923523, "Accuracy": 0.5203333497047424}]}]], "1.0": [[["splt_idx", -1, 3000], ["train", 51077], {"CF": [{"F1-Macro": 0.5354746580123901, "F1-Weighted": 0.5369858741760254, "F1_Class 0": 0.5449199676513672, "F1_Class 1": 0.5260292887687683, "Accuracy": 0.5356666445732117}]}]]}}}