{"Complete": {"CF": {"0.1": [[["splt_idx", -1, 3000], ["train", 45388], {"CF": [{"F1-Macro": 0.5202195048332214, "F1-Weighted": 0.5233156681060791, "F1_Class 0": 0.5395706295967102, "F1_Class 1": 0.5008683800697327, "Accuracy": 0.5210000276565552}]}]], "0.2": [[["splt_idx", -1, 3000], ["train", 46248], {"CF": [{"F1-Macro": 0.527023196220398, "F1-Weighted": 0.5330268144607544, "F1_Class 0": 0.5645459890365601, "F1_Class 1": 0.48950037360191345, "Accuracy": 0.5299999713897705}]}]], "0.30000000000000004": [[["splt_idx", -1, 3000], ["train", 47107], {"CF": [{"F1-Macro": 0.5279086232185364, "F1-Weighted": 0.5333219170570374, "F1_Class 0": 0.561741828918457, "F1_Class 1": 0.4940754175186157, "Accuracy": 0.5303333401679993}]}]], "0.4": [[["splt_idx", -1, 3000], ["train", 47967], {"CF": [{"F1-Macro": 0.5330120921134949, "F1-Weighted": 0.5393133163452148, "F1_Class 0": 0.5723947286605835, "F1_Class 1": 0.49362942576408386, "Accuracy": 0.5363333225250244}]}]], "0.5": [[["splt_idx", -1, 3000], ["train", 48827], {"CF": [{"F1-Macro": 0.528490424156189, "F1-Weighted": 0.5299489498138428, "F1_Class 0": 0.5376062989234924, "F1_Class 1": 0.5193745493888855, "Accuracy": 0.5286666750907898}]}]], "0.6": [[["splt_idx", -1, 3000], ["train", 49687], {"CF": [{"F1-Macro": 0.5319249629974365, "F1-Weighted": 0.5383157134056091, "F1_Class 0": 0.5718673467636108, "F1_Class 1": 0.49198251962661743, "Accuracy": 0.5353333353996277}]}]], "0.7000000000000001": [[["splt_idx", -1, 3000], ["train", 50547], {"CF": [{"F1-Macro": 0.5328468084335327, "F1-Weighted": 0.5401718020439148, "F1_Class 0": 0.5786278247833252, "F1_Class 1": 0.48706579208374023, "Accuracy": 0.5373333096504211}]}]], "0.8": [[["splt_idx", -1, 3000], ["train", 51406], {"CF": [{"F1-Macro": 0.5312067270278931, "F1-Weighted": 0.53733229637146, "F1_Class 0": 0.5694915056228638, "F1_Class 1": 0.49292194843292236, "Accuracy": 0.534333348274231}]}]], "0.9": [[["splt_idx", -1, 3000], ["train", 52266], {"CF": [{"F1-Macro": 0.5321136713027954, "F1-Weighted": 0.5337357521057129, "F1_Class 0": 0.5422512292861938, "F1_Class 1": 0.5219761729240417, "Accuracy": 0.5323333144187927}]}]], "1.0": [[["splt_idx", -1, 3000], ["train", 53126], {"CF": [{"F1-Macro": 0.5351940393447876, "F1-Weighted": 0.539829671382904, "F1_Class 0": 0.5641669034957886, "F1_Class 1": 0.5062211155891418, "Accuracy": 0.5370000004768372}]}]]}}}