{"Gender": {"Org": [[["splt_idx", -1, 3000], ["train", 7563], {"Org": [{"F1-Macro": 0.5160736441612244, "F1-Weighted": 0.5213645696640015, "F1_Class 0": 0.5491419434547424, "F1_Class 1": 0.4830053746700287, "Accuracy": 0.5183333158493042}]}]], "CF": {"0.1": [[["splt_idx", -1, 3000], ["train", 7693], {"CF": [{"F1-Macro": 0.5179046392440796, "F1-Weighted": 0.5215814113616943, "F1_Class 0": 0.5408844947814941, "F1_Class 1": 0.49492475390434265, "Accuracy": 0.5189999938011169}]}]], "0.2": [[["splt_idx", -1, 3000], ["train", 7823], {"CF": [{"F1-Macro": 0.5249553322792053, "F1-Weighted": 0.5322520136833191, "F1_Class 0": 0.5705596208572388, "F1_Class 1": 0.4793510437011719, "Accuracy": 0.5293333530426025}]}]], "0.30000000000000004": [[["splt_idx", -1, 3000], ["train", 7953], {"CF": [{"F1-Macro": 0.5249651670455933, "F1-Weighted": 0.5290441513061523, "F1_Class 0": 0.5504587292671204, "F1_Class 1": 0.49947163462638855, "Accuracy": 0.5263333320617676}]}]], "0.4": [[["splt_idx", -1, 3000], ["train", 8083], {"CF": [{"F1-Macro": 0.5185258388519287, "F1-Weighted": 0.5227884650230408, "F1_Class 0": 0.5451673865318298, "F1_Class 1": 0.4918842613697052, "Accuracy": 0.5199999809265137}]}]], "0.5": [[["splt_idx", -1, 3000], ["train", 8213], {"CF": [{"F1-Macro": 0.5176703929901123, "F1-Weighted": 0.5226352214813232, "F1_Class 0": 0.5487002730369568, "F1_Class 1": 0.4866405427455902, "Accuracy": 0.5196666717529297}]}]], "0.6": [[["splt_idx", -1, 3000], ["train", 8343], {"CF": [{"F1-Macro": 0.5197269916534424, "F1-Weighted": 0.5253878235816956, "F1_Class 0": 0.5551071166992188, "F1_Class 1": 0.4843468964099884, "Accuracy": 0.5223333239555359}]}]], "0.7000000000000001": [[["splt_idx", -1, 3000], ["train", 8473], {"CF": [{"F1-Macro": 0.5144281983375549, "F1-Weighted": 0.5207729935646057, "F1_Class 0": 0.5540832281112671, "F1_Class 1": 0.4747731387615204, "Accuracy": 0.5176666378974915}]}]], "0.8": [[["splt_idx", -1, 3000], ["train", 8603], {"CF": [{"F1-Macro": 0.5254217982292175, "F1-Weighted": 0.5298005938529968, "F1_Class 0": 0.5527891516685486, "F1_Class 1": 0.49805447459220886, "Accuracy": 0.5270000100135803}]}]], "0.9": [[["splt_idx", -1, 3000], ["train", 8733], {"CF": [{"F1-Macro": 0.5233079195022583, "F1-Weighted": 0.5293841361999512, "F1_Class 0": 0.5612843632698059, "F1_Class 1": 0.4853314161300659, "Accuracy": 0.5263333320617676}]}]], "1.0": [[["splt_idx", -1, 3000], ["train", 8863], {"CF": [{"F1-Macro": 0.5172114372253418, "F1-Weighted": 0.5230821371078491, "F1_Class 0": 0.553903341293335, "F1_Class 1": 0.48051947355270386, "Accuracy": 0.5199999809265137}]}]]}}, "Religion": {"Org": [[["splt_idx", -1, 3000], ["train", 8695], {"Org": [{"F1-Macro": 0.5226120948791504, "F1-Weighted": 0.5262020826339722, "F1_Class 0": 0.5450493693351746, "F1_Class 1": 0.500174880027771, "Accuracy": 0.5236666798591614}]}]], "CF": {"0.1": [[["splt_idx", -1, 3000], ["train", 8819], {"CF": [{"F1-Macro": 0.5200644731521606, "F1-Weighted": 0.5218818783760071, "F1_Class 0": 0.5314229726791382, "F1_Class 1": 0.5087060332298279, "Accuracy": 0.5203333497047424}]}]], "0.2": [[["splt_idx", -1, 3000], ["train", 8942], {"CF": [{"F1-Macro": 0.5215283632278442, "F1-Weighted": 0.5228298306465149, "F1_Class 0": 0.5296624302864075, "F1_Class 1": 0.5133943557739258, "Accuracy": 0.5216666460037231}]}]], "0.30000000000000004": [[["splt_idx", -1, 3000], ["train", 9066], {"CF": [{"F1-Macro": 0.5274448394775391, "F1-Weighted": 0.5290830731391907, "F1_Class 0": 0.5376835465431213, "F1_Class 1": 0.5172061324119568, "Accuracy": 0.5276666879653931}]}]], "0.4": [[["splt_idx", -1, 3000], ["train", 9189], {"CF": [{"F1-Macro": 0.5297284126281738, "F1-Weighted": 0.533089280128479, "F1_Class 0": 0.5507338643074036, "F1_Class 1": 0.5087229609489441, "Accuracy": 0.5306666493415833}]}]], "0.5": [[["splt_idx", -1, 3000], ["train", 9313], {"CF": [{"F1-Macro": 0.5221567153930664, "F1-Weighted": 0.5246542692184448, "F1_Class 0": 0.5377662777900696, "F1_Class 1": 0.506547212600708, "Accuracy": 0.5226666927337646}]}]], "0.6": [[["splt_idx", -1, 3000], ["train", 9436], {"CF": [{"F1-Macro": 0.5352935791015625, "F1-Weighted": 0.5374002456665039, "F1_Class 0": 0.5484603047370911, "F1_Class 1": 0.5221269130706787, "Accuracy": 0.5356666445732117}]}]], "0.7000000000000001": [[["splt_idx", -1, 3000], ["train", 9560], {"CF": [{"F1-Macro": 0.5210548043251038, "F1-Weighted": 0.5250141024589539, "F1_Class 0": 0.5458003282546997, "F1_Class 1": 0.4963093101978302, "Accuracy": 0.5223333239555359}]}]], "0.8": [[["splt_idx", -1, 3000], ["train", 9683], {"CF": [{"F1-Macro": 0.5210574865341187, "F1-Weighted": 0.5228965878486633, "F1_Class 0": 0.5325520634651184, "F1_Class 1": 0.5095628499984741, "Accuracy": 0.5213333368301392}]}]], "0.9": [[["splt_idx", -1, 3000], ["train", 9807], {"CF": [{"F1-Macro": 0.523082435131073, "F1-Weighted": 0.5257531404495239, "F1_Class 0": 0.5397745370864868, "F1_Class 1": 0.5063903331756592, "Accuracy": 0.5236666798591614}]}]], "1.0": [[["splt_idx", -1, 3000], ["train", 9930], {"CF": [{"F1-Macro": 0.5404019355773926, "F1-Weighted": 0.5386370420455933, "F1_Class 0": 0.5293715596199036, "F1_Class 1": 0.5514323115348816, "Accuracy": 0.5406666398048401}]}]]}}, "Race": {"Org": [[["splt_idx", -1, 3000], ["train", 9610], {"Org": [{"F1-Macro": 0.5107973217964172, "F1-Weighted": 0.505161702632904, "F1_Class 0": 0.47557470202445984, "F1_Class 1": 0.5460199117660522, "Accuracy": 0.5133333206176758}]}]], "CF": {"0.1": [[["splt_idx", -1, 3000], ["train", 9698], {"CF": [{"F1-Macro": 0.5155038833618164, "F1-Weighted": 0.5179845094680786, "F1_Class 0": 0.5310077667236328, "F1_Class 1": 0.5, "Accuracy": 0.515999972820282}]}]], "0.2": [[["splt_idx", -1, 3000], ["train", 9786], {"CF": [{"F1-Macro": 0.5123242139816284, "F1-Weighted": 0.5126622915267944, "F1_Class 0": 0.5144374370574951, "F1_Class 1": 0.5102109313011169, "Accuracy": 0.512333333492279}]}]], "0.30000000000000004": [[["splt_idx", -1, 3000], ["train", 9875], {"CF": [{"F1-Macro": 0.5192786455154419, "F1-Weighted": 0.5184581875801086, "F1_Class 0": 0.5141509175300598, "F1_Class 1": 0.5244063138961792, "Accuracy": 0.5193333625793457}]}]], "0.4": [[["splt_idx", -1, 3000], ["train", 9963], {"CF": [{"F1-Macro": 0.5241116881370544, "F1-Weighted": 0.5279695391654968, "F1_Class 0": 0.5482233762741089, "F1_Class 1": 0.5, "Accuracy": 0.5253333449363708}]}]], "0.5": [[["splt_idx", -1, 3000], ["train", 10051], {"CF": [{"F1-Macro": 0.5179991722106934, "F1-Weighted": 0.517896294593811, "F1_Class 0": 0.5173564553260803, "F1_Class 1": 0.5186418294906616, "Accuracy": 0.5180000066757202}]}]], "0.6": [[["splt_idx", -1, 3000], ["train", 10139], {"CF": [{"F1-Macro": 0.5262947082519531, "F1-Weighted": 0.5308422446250916, "F1_Class 0": 0.5547170042991638, "F1_Class 1": 0.49787235260009766, "Accuracy": 0.527999997138977}]}]], "0.7000000000000001": [[["splt_idx", -1, 3000], ["train", 10227], {"CF": [{"F1-Macro": 0.519898533821106, "F1-Weighted": 0.5229711532592773, "F1_Class 0": 0.5391025543212891, "F1_Class 1": 0.5006944537162781, "Accuracy": 0.5206666588783264}]}]], "0.8": [[["splt_idx", -1, 3000], ["train", 10316], {"CF": [{"F1-Macro": 0.5276623964309692, "F1-Weighted": 0.5274356603622437, "F1_Class 0": 0.5262454152107239, "F1_Class 1": 0.5290794372558594, "Accuracy": 0.5276666879653931}]}]], "0.9": [[["splt_idx", -1, 3000], ["train", 10404], {"CF": [{"F1-Macro": 0.5203588008880615, "F1-Weighted": 0.5223029851913452, "F1_Class 0": 0.5325097441673279, "F1_Class 1": 0.5082079172134399, "Accuracy": 0.5206666588783264}]}]], "1.0": [[["splt_idx", -1, 3000], ["train", 10492], {"CF": [{"F1-Macro": 0.5256624221801758, "F1-Weighted": 0.525890052318573, "F1_Class 0": 0.5270854234695435, "F1_Class 1": 0.5242393612861633, "Accuracy": 0.5256666541099548}]}]]}}, "Politics": {"Org": [[["splt_idx", -1, 3000], ["train", 8814], {"Org": [{"F1-Macro": 0.5147501826286316, "F1-Weighted": 0.5174416899681091, "F1_Class 0": 0.531572163105011, "F1_Class 1": 0.4979281723499298, "Accuracy": 0.515333354473114}]}]],