{"Gender": {"CF": {"0.1": [[["splt_idx", -1, 3000], ["train", 7743], {"CF": [{"F1-Macro": 0.5231797099113464, "F1-Weighted": 0.5303002595901489, "F1_Class 0": 0.5676829218864441, "F1_Class 1": 0.4786764681339264, "Accuracy": 0.5273333191871643}]}]], "0.2": [[["splt_idx", -1, 3000], ["train", 7923], {"CF": [{"F1-Macro": 0.5238954424858093, "F1-Weighted": 0.5306751728057861, "F1_Class 0": 0.5662687420845032, "F1_Class 1": 0.4815221428871155, "Accuracy": 0.5276666879653931}]}]], "0.30000000000000004": [[["splt_idx", -1, 3000], ["train", 8103], {"CF": [{"F1-Macro": 0.5151360034942627, "F1-Weighted": 0.5217559933662415, "F1_Class 0": 0.5565110445022583, "F1_Class 1": 0.4737609326839447, "Accuracy": 0.518666684627533}]}]], "0.4": [[["splt_idx", -1, 3000], ["train", 8283], {"CF": [{"F1-Macro": 0.534244954586029, "F1-Weighted": 0.5427651405334473, "F1_Class 0": 0.587496280670166, "F1_Class 1": 0.4809935986995697, "Accuracy": 0.5403333306312561}]}]], "0.5": [[["splt_idx", -1, 3000], ["train", 8463], {"CF": [{"F1-Macro": 0.5299177765846252, "F1-Weighted": 0.5379906892776489, "F1_Class 0": 0.5803732872009277, "F1_Class 1": 0.47946229577064514, "Accuracy": 0.5353333353996277}]}]], "0.6": [[["splt_idx", -1, 3000], ["train", 8644], {"CF": [{"F1-Macro": 0.5286945104598999, "F1-Weighted": 0.5374168157577515, "F1_Class 0": 0.5832088589668274, "F1_Class 1": 0.4741801619529724, "Accuracy": 0.5350000262260437}]}]], "0.7000000000000001": [[["splt_idx", -1, 3000], ["train", 8824], {"CF": [{"F1-Macro": 0.5269169807434082, "F1-Weighted": 0.5350161790847778, "F1_Class 0": 0.5775368809700012, "F1_Class 1": 0.47629714012145996, "Accuracy": 0.5323333144187927}]}]], "0.8": [[["splt_idx", -1, 3000], ["train", 9004], {"CF": [{"F1-Macro": 0.5297447443008423, "F1-Weighted": 0.5384225845336914, "F1_Class 0": 0.5839808583259583, "F1_Class 1": 0.4755086600780487, "Accuracy": 0.5360000133514404}]}]], "0.9": [[["splt_idx", -1, 3000], ["train", 9184], {"CF": [{"F1-Macro": 0.5274763107299805, "F1-Weighted": 0.5358935594558716, "F1_Class 0": 0.580083966255188, "F1_Class 1": 0.4748687148094177, "Accuracy": 0.5333333611488342}]}]], "1.0": [[["splt_idx", -1, 3000], ["train", 9364], {"CF": [{"F1-Macro": 0.531542956829071, "F1-Weighted": 0.5401125550270081, "F1_Class 0": 0.5851032137870789, "F1_Class 1": 0.47798269987106323, "Accuracy": 0.5376666784286499}]}]]}}, "Religion": {"CF": {"0.1": [[["splt_idx", -1, 3000], ["train", 8852], {"CF": [{"F1-Macro": 0.5210109353065491, "F1-Weighted": 0.5238465666770935, "F1_Class 0": 0.5387335419654846, "F1_Class 1": 0.5032883286476135, "Accuracy": 0.5216666460037231}]}]], "0.2": [[["splt_idx", -1, 3000], ["train", 9008], {"CF": [{"F1-Macro": 0.5238567590713501, "F1-Weighted": 0.527589738368988, "F1_Class 0": 0.5471878051757812, "F1_Class 1": 0.5005257725715637, "Accuracy": 0.5249999761581421}]}]], "0.30000000000000004": [[["splt_idx", -1, 3000], ["train", 9165], {"CF": [{"F1-Macro": 0.5314937233924866, "F1-Weighted": 0.5346670746803284, "F1_Class 0": 0.5513271689414978, "F1_Class 1": 0.5116602778434753, "Accuracy": 0.5323333144187927}]}]], "0.4": [[["splt_idx", -1, 3000], ["train", 9321], {"CF": [{"F1-Macro": 0.5350069999694824, "F1-Weighted": 0.5378093123435974, "F1_Class 0": 0.5525217056274414, "F1_Class 1": 0.5174922347068787, "Accuracy": 0.5356666445732117}]}]], "0.5": [[["splt_idx", -1, 3000], ["train", 9478], {"CF": [{"F1-Macro": 0.5404608249664307, "F1-Weighted": 0.5459263324737549, "F1_Class 0": 0.5746199488639832, "F1_Class 1": 0.506301760673523, "Accuracy": 0.5429999828338623}]}]], "0.6": [[["splt_idx", -1, 3000], ["train", 9635], {"CF": [{"F1-Macro": 0.53282630443573, "F1-Weighted": 0.5396034121513367, "F1_Class 0": 0.5751833915710449, "F1_Class 1": 0.49046921730041504, "Accuracy": 0.5366666913032532}]}]], "0.7000000000000001": [[["splt_idx", -1, 3000], ["train", 9791], {"CF": [{"F1-Macro": 0.5326592922210693, "F1-Weighted": 0.5346782207489014, "F1_Class 0": 0.5452775359153748, "F1_Class 1": 0.5200411081314087, "Accuracy": 0.5329999923706055}]}]], "0.8": [[["splt_idx", -1, 3000], ["train", 9948], {"CF": [{"F1-Macro": 0.5254284143447876, "F1-Weighted": 0.528744101524353, "F1_Class 0": 0.5461513996124268, "F1_Class 1": 0.5047054886817932, "Accuracy": 0.5263333320617676}]}]], "0.9": [[["splt_idx", -1, 3000], ["train", 10104], {"CF": [{"F1-Macro": 0.5405491590499878, "F1-Weighted": 0.5475083589553833, "F1_Class 0": 0.5840438604354858, "F1_Class 1": 0.49705448746681213, "Accuracy": 0.5446666479110718}]}]], "1.0": [[["splt_idx", -1, 3000], ["train", 10261], {"CF": [{"F1-Macro": 0.5430945158004761, "F1-Weighted": 0.5482118725776672, "F1_Class 0": 0.5750778913497925, "F1_Class 1": 0.5111111402511597, "Accuracy": 0.5453333258628845}]}]]}}, "Race": {"CF": {"0.1": [[["splt_idx", -1, 3000], ["train", 9729], {"CF": [{"F1-Macro": 0.5464743375778198, "F1-Weighted": 0.5506830215454102, "F1_Class 0": 0.5727788209915161, "F1_Class 1": 0.5201698541641235, "Accuracy": 0.5479999780654907}]}]], "0.2": [[["splt_idx", -1, 3000], ["train", 9847], {"CF": [{"F1-Macro": 0.5501866340637207, "F1-Weighted": 0.5525376796722412, "F1_Class 0": 0.5648805499076843, "F1_Class 1": 0.5354927778244019, "Accuracy": 0.5506666898727417}]}]], "0.30000000000000004": [[["splt_idx", -1, 3000], ["train", 9966], {"CF": [{"F1-Macro": 0.536130428314209, "F1-Weighted": 0.5386538505554199, "F1_Class 0": 0.5519019961357117, "F1_Class 1": 0.5203588604927063, "Accuracy": 0.5366666913032532}]}]], "0.4": [[["splt_idx", -1, 3000], ["train", 10084], {"CF": [{"F1-Macro": 0.5386074185371399, "F1-Weighted": 0.539444088935852, "F1_Class 0": 0.5438365340232849, "F1_Class 1": 0.5333783030509949, "Accuracy": 0.5386666655540466}]}]], "0.5": [[["splt_idx", -1, 3000], ["train", 10203], {"CF": [{"F1-Macro": 0.5379049777984619, "F1-Weighted": 0.5428832769393921, "F1_Class 0": 0.5690193772315979, "F1_Class 1": 0.5067905783653259, "Accuracy": 0.5400000214576721}]}]], "0.6": [[["splt_idx", -1, 3000], ["train", 10322], {"CF": [{"F1-Macro": 0.5393606424331665, "F1-Weighted": 0.5452814102172852, "F1_Class 0": 0.5763652920722961, "F1_Class 1": 0.5023559331893921, "Accuracy": 0.5423333048820496}]}]], "0.7000000000000001": [[["splt_idx", -1, 3000], ["train", 10440], {"CF": [{"F1-Macro": 0.5400564670562744, "F1-Weighted": 0.5456002950668335, "F1_Class 0": 0.5747055411338806, "F1_Class 1": 0.5054073333740234, "Accuracy": 0.5426666736602783}]}]], "0.8": [[["splt_idx", -1, 3000], ["train", 10559], {"CF": [{"F1-Macro": 0.5370994210243225, "F1-Weighted": 0.5449749231338501, "F1_Class 0": 0.5863211750984192, "F1_Class 1": 0.48787766695022583, "Accuracy": 0.5423333048820496}]}]], "0.9": [[["splt_idx", -1, 3000], ["train", 10677], {"CF": [{"F1-Macro": 0.5372482538223267, "F1-Weighted": 0.544750988483429, "F1_Class 0": 0.584140419960022, "F1_Class 1": 0.49035608768463135, "Accuracy": 0.5419999957084656}]}]], "1.0": [[["splt_idx", -1, 3000], ["train", 10796], {"CF": [{"F1-Macro": 0.543036162853241, "F1-Weighted": 0.550908088684082, "F1_Class 0": 0.5922359228134155, "F1_Class 1": 0.493836373090744, "Accuracy": 0.5483333468437195}]}]]}}, "Politics": {"CF": {"0.1": [[["splt_idx", -1, 3000], ["train", 9022], {"CF": [{"F1-Macro": 0.5238558650016785, "F1-Weighted": 0.5262683033943176, "F1_Class 0": 0.5389337539672852, "F1_Class 1": 0.5087779760360718, "Accuracy": 0.5243333578109741}]}]], "0.2": [[["splt_idx", -1, 3000], ["train", 9230], {"CF": [{"F1-Macro": 0.5180810689926147, "F1-Weighted": 0.5147141218185425, "F1_Class 0": 0.49703729152679443, "F1_Class 1": 0.5391249060630798, "Accuracy": 0.5189999938011169}]}]], "0.30000000000000004": [[["splt_idx", -1, 3000], ["train", 9438], {"CF": [{"F1-Macro": 0.5365840792655945, "F1-Weighted": 0.5401678085327148, "F1_Class 0": 0.5589824914932251, "F1_Class 1": 0.5141856670379639, "Accuracy": 0.5376666784286499}]}]], "0.4": [[["splt_idx", -1, 3000], ["train", 9646], {"CF": [{"F1-Macro": 0.5271838903427124, "F1-Weighted": 0.5314203500747681, "F1_Class 0": 0.5536616444587708,