{"CF": {"0.1": [[["splt_idx", -1, 3000], ["train", 11004], {"CF": [{"F1-Macro": 0.6243826150894165, "F1-Weighted": 0.6370234489440918, "F1_Class 0": 0.7033874988555908, "F1_Class 1": 0.545377790927887, "Accuracy": 0.640999972820282}]}]], "0.2": [[["splt_idx", -1, 3000], ["train", 11526], {"CF": [{"F1-Macro": 0.5925998687744141, "F1-Weighted": 0.6058105230331421, "F1_Class 0": 0.6751663088798523, "F1_Class 1": 0.5100334286689758, "Accuracy": 0.609333336353302}]}]], "0.30000000000000004": [[["splt_idx", -1, 3000], ["train", 12047], {"CF": [{"F1-Macro": 0.6384327411651611, "F1-Weighted": 0.6478431224822998, "F1_Class 0": 0.6972476840019226, "F1_Class 1": 0.5796178579330444, "Accuracy": 0.6480000019073486}]}]], "0.4": [[["splt_idx", -1, 3000], ["train", 12569], {"CF": [{"F1-Macro": 0.5973927974700928, "F1-Weighted": 0.6005063056945801, "F1_Class 0": 0.6168521642684937, "F1_Class 1": 0.5779334306716919, "Accuracy": 0.5983333587646484}]}]], "0.5": [[["splt_idx", -1, 3000], ["train", 13090], {"CF": [{"F1-Macro": 0.6282079219818115, "F1-Weighted": 0.6375274658203125, "F1_Class 0": 0.6864553093910217, "F1_Class 1": 0.5699604749679565, "Accuracy": 0.637333333492279}]}]], "0.6": [[["splt_idx", -1, 3000], ["train", 13611], {"CF": [{"F1-Macro": 0.6302385330200195, "F1-Weighted": 0.6410849094390869, "F1_Class 0": 0.6980281472206116, "F1_Class 1": 0.5624489784240723, "Accuracy": 0.6426666378974915}]}]], "0.7000000000000001": [[["splt_idx", -1, 3000], ["train", 14133], {"CF": [{"F1-Macro": 0.6144914627075195, "F1-Weighted": 0.6315566301345825, "F1_Class 0": 0.7211488485336304, "F1_Class 1": 0.5078340768814087, "Accuracy": 0.6439999938011169}]}]], "0.8": [[["splt_idx", -1, 3000], ["train", 14654], {"CF": [{"F1-Macro": 0.6064099073410034, "F1-Weighted": 0.621607780456543, "F1_Class 0": 0.7013963460922241, "F1_Class 1": 0.5114235281944275, "Accuracy": 0.6293333172798157}]}]], "0.9": [[["splt_idx", -1, 3000], ["train", 15176], {"CF": [{"F1-Macro": 0.62943434715271, "F1-Weighted": 0.6380907297134399, "F1_Class 0": 0.683536946773529, "F1_Class 1": 0.5753317475318909, "Accuracy": 0.637333333492279}]}]], "1.0": [[["splt_idx", -1, 3000], ["train", 15697], {"CF": [{"F1-Macro": 0.6356210708618164, "F1-Weighted": 0.6470673680305481, "F1_Class 0": 0.7071607708930969, "F1_Class 1": 0.5640813112258911, "Accuracy": 0.6496666669845581}]}]]}}